"FullName","Name","Extension","Length"
"C:\Users\User\Downloads\Decompiled\assets\Bundle\AudioClip","AudioClip","",
"C:\Users\User\Downloads\Decompiled\assets\Bundle\Mesh","Mesh","",
"C:\Users\User\Downloads\Decompiled\assets\Bundle\MonoBehaviour","MonoBehaviour","",
"C:\Users\User\Downloads\Decompiled\assets\Bundle\Shader","Shader","",
"C:\Users\User\Downloads\Decompiled\assets\Bundle\TextAsset","TextAsset","",
"C:\Users\User\Downloads\Decompiled\assets\Bundle\Texture2D","Texture2D","",
"C:\Users\User\Downloads\Decompiled\assets\Bundle\file_manifest.csv","file_manifest.csv",".csv","0"
"C:\Users\User\Downloads\Decompiled\assets\Bundle\AudioClip\atk_bite_swing_med_02.mp3","atk_bite_swing_med_02.mp3",".mp3","6687"
"C:\Users\User\Downloads\Decompiled\assets\Bundle\AudioClip\atk_hammer_swing_03.mp3","atk_hammer_swing_03.mp3",".mp3","7210"
"C:\Users\User\Downloads\Decompiled\assets\Bundle\AudioClip\barbarianboss_hamer_xuanzhuanzhan.mp3","barbarianboss_hamer_xuanzhuanzhan.mp3",".mp3","21577"
"C:\Users\User\Downloads\Decompiled\assets\Bundle\AudioClip\BGM_saidao.mp3","BGM_saidao.mp3",".mp3","215954"
"C:\Users\User\Downloads\Decompiled\assets\Bundle\AudioClip\fs_human_large1.mp3","fs_human_large1.mp3",".mp3","5120"
"C:\Users\User\Downloads\Decompiled\assets\Bundle\AudioClip\fs_human_large4.mp3","fs_human_large4.mp3",".mp3","5120"
"C:\Users\User\Downloads\Decompiled\assets\Bundle\AudioClip\imp_stick_hit1.mp3","imp_stick_hit1.mp3",".mp3","6583"
"C:\Users\User\Downloads\Decompiled\assets\Bundle\AudioClip\NQS_A_attack_1.mp3","NQS_A_attack_1.mp3",".mp3","10188"
"C:\Users\User\Downloads\Decompiled\assets\Bundle\AudioClip\NQS_A_attack_2.mp3","NQS_A_attack_2.mp3",".mp3","10710"
"C:\Users\User\Downloads\Decompiled\assets\Bundle\AudioClip\NQS_A_attack_diuLei.mp3","NQS_A_attack_diuLei.mp3",".mp3","10449"
"C:\Users\User\Downloads\Decompiled\assets\Bundle\AudioClip\NQS_A_attack_houFan.mp3","NQS_A_attack_houFan.mp3",".mp3","8411"
"C:\Users\User\Downloads\Decompiled\assets\Bundle\AudioClip\NQS_A_attack_tianDan.mp3","NQS_A_attack_tianDan.mp3",".mp3","11075"
"C:\Users\User\Downloads\Decompiled\assets\Bundle\AudioClip\NQS_A_attack_tuiTi.mp3","NQS_A_attack_tuiTi.mp3",".mp3","7837"
"C:\Users\User\Downloads\Decompiled\assets\Bundle\AudioClip\NQS_A_attack_zhuanShe.mp3","NQS_A_attack_zhuanShe.mp3",".mp3","16300"
"C:\Users\User\Downloads\Decompiled\assets\Bundle\AudioClip\NQS_A_attack_zhuanTi.mp3","NQS_A_attack_zhuanTi.mp3",".mp3","8777"
"C:\Users\User\Downloads\Decompiled\assets\Bundle\AudioClip\NQS_A_attack_zhuiShe.mp3","NQS_A_attack_zhuiShe.mp3",".mp3","20480"
"C:\Users\User\Downloads\Decompiled\assets\Bundle\AudioClip\orc_hammer_chongzhuang.mp3","orc_hammer_chongzhuang.mp3",".mp3","17345"
"C:\Users\User\Downloads\Decompiled\assets\Bundle\AudioClip\QJ_A_attack_1.mp3","QJ_A_attack_1.mp3",".mp3","6583"
"C:\Users\User\Downloads\Decompiled\assets\Bundle\AudioClip\QJ_A_attack_baoJi.mp3","QJ_A_attack_baoJi.mp3",".mp3","9404"
"C:\Users\User\Downloads\Decompiled\assets\Bundle\AudioClip\QJ_A_attack_fangYu.mp3","QJ_A_attack_fangYu.mp3",".mp3","15255"
"C:\Users\User\Downloads\Decompiled\assets\Bundle\AudioClip\QJ_A_attack_gouZhi.mp3","QJ_A_attack_gouZhi.mp3",".mp3","10449"
"C:\Users\User\Downloads\Decompiled\assets\Bundle\AudioClip\QJ_A_attack_huaHui.mp3","QJ_A_attack_huaHui.mp3",".mp3","9404"
"C:\Users\User\Downloads\Decompiled\assets\Bundle\AudioClip\QJ_A_attack_lianQuan.mp3","QJ_A_attack_lianQuan.mp3",".mp3","12434"
"C:\Users\User\Downloads\Decompiled\assets\Bundle\AudioClip\QJ_A_attack_shanShen.mp3","QJ_A_attack_shanShen.mp3",".mp3","7837"
"C:\Users\User\Downloads\Decompiled\assets\Bundle\AudioClip\QJ_A_attack_tiaoZa.mp3","QJ_A_attack_tiaoZa.mp3",".mp3","15255"
"C:\Users\User\Downloads\Decompiled\assets\Bundle\AudioClip\sex_ml_combo.mp3","sex_ml_combo.mp3",".mp3","6008"
"C:\Users\User\Downloads\Decompiled\assets\Bundle\AudioClip\sex_ml_normal.mp3","sex_ml_normal.mp3",".mp3","5642"
"C:\Users\User\Downloads\Decompiled\assets\Bundle\AudioClip\spells_exp_stone_04.mp3","spells_exp_stone_04.mp3",".mp3","14419"
"C:\Users\User\Downloads\Decompiled\assets\Bundle\AudioClip\TY_YX_attack_P_1.mp3","TY_YX_attack_P_1.mp3",".mp3","7837"
"C:\Users\User\Downloads\Decompiled\assets\Bundle\AudioClip\TY_YX_attack_P_2.mp3","TY_YX_attack_P_2.mp3",".mp3","6269"
"C:\Users\User\Downloads\Decompiled\assets\Bundle\AudioClip\TY_YX_daoDi.mp3","TY_YX_daoDi.mp3",".mp3","7523"
"C:\Users\User\Downloads\Decompiled\assets\Bundle\AudioClip\TY_YX_hitCar.mp3","TY_YX_hitCar.mp3",".mp3","8882"
"C:\Users\User\Downloads\Decompiled\assets\Bundle\AudioClip\TY_YX_hitMan.mp3","TY_YX_hitMan.mp3",".mp3","8621"
"C:\Users\User\Downloads\Decompiled\assets\Bundle\AudioClip\TY_YX_jingDi.mp3","TY_YX_jingDi.mp3",".mp3","13165"
"C:\Users\User\Downloads\Decompiled\assets\Bundle\AudioClip\TY_YX_kaiChe.mp3","TY_YX_kaiChe.mp3",".mp3","10448"
"C:\Users\User\Downloads\Decompiled\assets\Bundle\AudioClip\TY_YX_shaChe_1.mp3","TY_YX_shaChe_1.mp3",".mp3","8882"
"C:\Users\User\Downloads\Decompiled\assets\Bundle\AudioClip\TY_YX_shaChe_2.mp3","TY_YX_shaChe_2.mp3",".mp3","13374"
"C:\Users\User\Downloads\Decompiled\assets\Bundle\AudioClip\TY_YX_timeCountDown.mp3","TY_YX_timeCountDown.mp3",".mp3","4963"
"C:\Users\User\Downloads\Decompiled\assets\Bundle\AudioClip\UI_jichu_25.mp3","UI_jichu_25.mp3",".mp3","8150"
"C:\Users\User\Downloads\Decompiled\assets\Bundle\AudioClip\UI_jichu_34.mp3","UI_jichu_34.mp3",".mp3","6792"
"C:\Users\User\Downloads\Decompiled\assets\Bundle\AudioClip\UI_jichu_45.mp3","UI_jichu_45.mp3",".mp3","2612"
"C:\Users\User\Downloads\Decompiled\assets\Bundle\AudioClip\UI_jiemian_01.mp3","UI_jiemian_01.mp3",".mp3","24607"
"C:\Users\User\Downloads\Decompiled\assets\Bundle\AudioClip\UI_jiemian_04.mp3","UI_jiemian_04.mp3",".mp3","21577"
"C:\Users\User\Downloads\Decompiled\assets\Bundle\AudioClip\UI_jiemian_05.mp3","UI_jiemian_05.mp3",".mp3","8150"
"C:\Users\User\Downloads\Decompiled\assets\Bundle\AudioClip\UI_OpenBox.mp3","UI_OpenBox.mp3",".mp3","10710"
"C:\Users\User\Downloads\Decompiled\assets\Bundle\AudioClip\UI_Slot_BG.mp3","UI_Slot_BG.mp3",".mp3","31974"
"C:\Users\User\Downloads\Decompiled\assets\Bundle\AudioClip\UI_Slot_BigWin.mp3","UI_Slot_BigWin.mp3",".mp3","13165"
"C:\Users\User\Downloads\Decompiled\assets\Bundle\AudioClip\UI_Slot_Result.mp3","UI_Slot_Result.mp3",".mp3","16457"
"C:\Users\User\Downloads\Decompiled\assets\Bundle\AudioClip\UI_tishi_06.mp3","UI_tishi_06.mp3",".mp3","5329"
"C:\Users\User\Downloads\Decompiled\assets\Bundle\AudioClip\UI_tishi_07.mp3","UI_tishi_07.mp3",".mp3","9247"
"C:\Users\User\Downloads\Decompiled\assets\Bundle\AudioClip\UI_YX_anNiu.mp3","UI_YX_anNiu.mp3",".mp3","3135"
"C:\Users\User\Downloads\Decompiled\assets\Bundle\AudioClip\UI_YX_huiZhuangHeCheng.mp3","UI_YX_huiZhuangHeCheng.mp3",".mp3","9822"
"C:\Users\User\Downloads\Decompiled\assets\Bundle\AudioClip\UI_YX_jiangLiTanChuang.mp3","UI_YX_jiangLiTanChuang.mp3",".mp3","17972"
"C:\Users\User\Downloads\Decompiled\assets\Bundle\AudioClip\UI_YX_jieSuanShengLi.mp3","UI_YX_jieSuanShengLi.mp3",".mp3","14628"
"C:\Users\User\Downloads\Decompiled\assets\Bundle\AudioClip\UI_YX_laoHuJiZhongJiang.mp3","UI_YX_laoHuJiZhongJiang.mp3",".mp3","5851"
"C:\Users\User\Downloads\Decompiled\assets\Bundle\AudioClip\UI_YX_laoHuJiZhuanDong.mp3","UI_YX_laoHuJiZhuanDong.mp3",".mp3","15882"
"C:\Users\User\Downloads\Decompiled\assets\Bundle\AudioClip\UI_YX_renWuWanCheng.mp3","UI_YX_renWuWanCheng.mp3",".mp3","21733"
"C:\Users\User\Downloads\Decompiled\assets\Bundle\AudioClip\UI_YX_shengJi.mp3","UI_YX_shengJi.mp3",".mp3","16091"
"C:\Users\User\Downloads\Decompiled\assets\Bundle\AudioClip\UI_YX_xinXin.mp3","UI_YX_xinXin.mp3",".mp3","12017"
"C:\Users\User\Downloads\Decompiled\assets\Bundle\AudioClip\UI_YX_zhanDouLiTiSheng.mp3","UI_YX_zhanDouLiTiSheng.mp3",".mp3","14445"
"C:\Users\User\Downloads\Decompiled\assets\Bundle\AudioClip\UI_YX_zhuangBeiQiangHua_1.mp3","UI_YX_zhuangBeiQiangHua_1.mp3",".mp3","8882"
"C:\Users\User\Downloads\Decompiled\assets\Bundle\AudioClip\UI_YX_zhuangBeiQiangHua_2.mp3","UI_YX_zhuangBeiQiangHua_2.mp3",".mp3","7105"
"C:\Users\User\Downloads\Decompiled\assets\Bundle\AudioClip\vox_fm1_death2.mp3","vox_fm1_death2.mp3",".mp3","14837"
"C:\Users\User\Downloads\Decompiled\assets\Bundle\AudioClip\vox_fm1_hrt2.mp3","vox_fm1_hrt2.mp3",".mp3","6687"
"C:\Users\User\Downloads\Decompiled\assets\Bundle\AudioClip\vox_fm1_hrt4.mp3","vox_fm1_hrt4.mp3",".mp3","7210"
"C:\Users\User\Downloads\Decompiled\assets\Bundle\AudioClip\vox_ml1_hrt1.mp3","vox_ml1_hrt1.mp3",".mp3","7053"
"C:\Users\User\Downloads\Decompiled\assets\Bundle\AudioClip\vox_ml2_hrt3.mp3","vox_ml2_hrt3.mp3",".mp3","6896"
"C:\Users\User\Downloads\Decompiled\assets\Bundle\AudioClip\XD_A_attack_1.mp3","XD_A_attack_1.mp3",".mp3","6269"
"C:\Users\User\Downloads\Decompiled\assets\Bundle\AudioClip\XD_A_attack_bangQiu.mp3","XD_A_attack_bangQiu.mp3",".mp3","9404"
"C:\Users\User\Downloads\Decompiled\assets\Bundle\AudioClip\XD_A_attack_douQi.mp3","XD_A_attack_douQi.mp3",".mp3","15464"
"C:\Users\User\Downloads\Decompiled\assets\Bundle\AudioClip\XD_A_attack_fanGun.mp3","XD_A_attack_fanGun.mp3",".mp3","9404"
"C:\Users\User\Downloads\Decompiled\assets\Bundle\AudioClip\XD_A_attack_saoTui.mp3","XD_A_attack_saoTui.mp3",".mp3","10449"
"C:\Users\User\Downloads\Decompiled\assets\Bundle\AudioClip\XD_A_attack_tiaoPi.mp3","XD_A_attack_tiaoPi.mp3",".mp3","9143"
"C:\Users\User\Downloads\Decompiled\assets\Bundle\AudioClip\XD_A_attack_tuiChuai.mp3","XD_A_attack_tuiChuai.mp3",".mp3","8777"
"C:\Users\User\Downloads\Decompiled\assets\Bundle\AudioClip\XD_A_attack_xuanFeng.mp3","XD_A_attack_xuanFeng.mp3",".mp3","12329"
"C:\Users\User\Downloads\Decompiled\assets\Bundle\AudioClip\zhuCheng.mp3","zhuCheng.mp3",".mp3","204251"
"C:\Users\User\Downloads\Decompiled\assets\Bundle\Mesh\buff_dunpa #1007.obj","buff_dunpa #1007.obj",".obj","5861"
"C:\Users\User\Downloads\Decompiled\assets\Bundle\Mesh\buff_dunpa.obj","buff_dunpa.obj",".obj","5861"
"C:\Users\User\Downloads\Decompiled\assets\Bundle\Mesh\NPC_Dog.obj","NPC_Dog.obj",".obj","121877"
"C:\Users\User\Downloads\Decompiled\assets\Bundle\Mesh\NQS_A_S.obj","NQS_A_S.obj",".obj","98573"
"C:\Users\User\Downloads\Decompiled\assets\Bundle\Mesh\NQS_A_T.obj","NQS_A_T.obj",".obj","129174"
"C:\Users\User\Downloads\Decompiled\assets\Bundle\Mesh\NQS_A_WQ.obj","NQS_A_WQ.obj",".obj","103393"
"C:\Users\User\Downloads\Decompiled\assets\Bundle\Mesh\NQS_A_X.obj","NQS_A_X.obj",".obj","108619"
"C:\Users\User\Downloads\Decompiled\assets\Bundle\Mesh\pingmian #1220.obj","pingmian #1220.obj",".obj","254"
"C:\Users\User\Downloads\Decompiled\assets\Bundle\Mesh\pingmian #1268.obj","pingmian #1268.obj",".obj","254"
"C:\Users\User\Downloads\Decompiled\assets\Bundle\Mesh\pingmian #1624.obj","pingmian #1624.obj",".obj","254"
"C:\Users\User\Downloads\Decompiled\assets\Bundle\Mesh\pingmian.obj","pingmian.obj",".obj","254"
"C:\Users\User\Downloads\Decompiled\assets\Bundle\Mesh\Plane1x1 #383.obj","Plane1x1 #383.obj",".obj","246"
"C:\Users\User\Downloads\Decompiled\assets\Bundle\Mesh\Plane1x1 #441.obj","Plane1x1 #441.obj",".obj","246"
"C:\Users\User\Downloads\Decompiled\assets\Bundle\Mesh\Plane1x1 #591.obj","Plane1x1 #591.obj",".obj","246"
"C:\Users\User\Downloads\Decompiled\assets\Bundle\Mesh\Plane1x1 #623.obj","Plane1x1 #623.obj",".obj","246"
"C:\Users\User\Downloads\Decompiled\assets\Bundle\Mesh\Plane1x1 #659.obj","Plane1x1 #659.obj",".obj","246"
"C:\Users\User\Downloads\Decompiled\assets\Bundle\Mesh\Plane1x1 #716.obj","Plane1x1 #716.obj",".obj","246"
"C:\Users\User\Downloads\Decompiled\assets\Bundle\Mesh\Plane1x1 #850.obj","Plane1x1 #850.obj",".obj","246"
"C:\Users\User\Downloads\Decompiled\assets\Bundle\Mesh\Plane1x1.obj","Plane1x1.obj",".obj","246"
"C:\Users\User\Downloads\Decompiled\assets\Bundle\Mesh\qibo003 #1067.obj","qibo003 #1067.obj",".obj","7497"
"C:\Users\User\Downloads\Decompiled\assets\Bundle\Mesh\qibo003 #1557.obj","qibo003 #1557.obj",".obj","7497"
"C:\Users\User\Downloads\Decompiled\assets\Bundle\Mesh\qibo003.obj","qibo003.obj",".obj","7497"
"C:\Users\User\Downloads\Decompiled\assets\Bundle\Mesh\qibo005 #1065.obj","qibo005 #1065.obj",".obj","222"
"C:\Users\User\Downloads\Decompiled\assets\Bundle\Mesh\qibo005.obj","qibo005.obj",".obj","222"
"C:\Users\User\Downloads\Decompiled\assets\Bundle\Mesh\qibo006 #1161.obj","qibo006 #1161.obj",".obj","194"
"C:\Users\User\Downloads\Decompiled\assets\Bundle\Mesh\qibo006 #1201.obj","qibo006 #1201.obj",".obj","194"
"C:\Users\User\Downloads\Decompiled\assets\Bundle\Mesh\qibo006 #1243.obj","qibo006 #1243.obj",".obj","194"
"C:\Users\User\Downloads\Decompiled\assets\Bundle\Mesh\qibo006 #1287.obj","qibo006 #1287.obj",".obj","194"
"C:\Users\User\Downloads\Decompiled\assets\Bundle\Mesh\qibo006 #1460.obj","qibo006 #1460.obj",".obj","194"
"C:\Users\User\Downloads\Decompiled\assets\Bundle\Mesh\qibo006 #1509.obj","qibo006 #1509.obj",".obj","194"
"C:\Users\User\Downloads\Decompiled\assets\Bundle\Mesh\qibo006 #1596.obj","qibo006 #1596.obj",".obj","194"
"C:\Users\User\Downloads\Decompiled\assets\Bundle\Mesh\qibo006 #1638.obj","qibo006 #1638.obj",".obj","194"
"C:\Users\User\Downloads\Decompiled\assets\Bundle\Mesh\qibo006 #1657.obj","qibo006 #1657.obj",".obj","194"
"C:\Users\User\Downloads\Decompiled\assets\Bundle\Mesh\qibo006 #812.obj","qibo006 #812.obj",".obj","194"
"C:\Users\User\Downloads\Decompiled\assets\Bundle\Mesh\qibo006 #893.obj","qibo006 #893.obj",".obj","194"
"C:\Users\User\Downloads\Decompiled\assets\Bundle\Mesh\qibo006 #904.obj","qibo006 #904.obj",".obj","194"
"C:\Users\User\Downloads\Decompiled\assets\Bundle\Mesh\qibo006 #923.obj","qibo006 #923.obj",".obj","194"
"C:\Users\User\Downloads\Decompiled\assets\Bundle\Mesh\qibo006.obj","qibo006.obj",".obj","194"
"C:\Users\User\Downloads\Decompiled\assets\Bundle\Mesh\qibo007 #1126.obj","qibo007 #1126.obj",".obj","3706"
"C:\Users\User\Downloads\Decompiled\assets\Bundle\Mesh\qibo007 #1156.obj","qibo007 #1156.obj",".obj","3706"
"C:\Users\User\Downloads\Decompiled\assets\Bundle\Mesh\qibo007 #1197.obj","qibo007 #1197.obj",".obj","3706"
"C:\Users\User\Downloads\Decompiled\assets\Bundle\Mesh\qibo007 #1237.obj","qibo007 #1237.obj",".obj","3706"
"C:\Users\User\Downloads\Decompiled\assets\Bundle\Mesh\qibo007 #1283.obj","qibo007 #1283.obj",".obj","3706"
"C:\Users\User\Downloads\Decompiled\assets\Bundle\Mesh\qibo007 #1371.obj","qibo007 #1371.obj",".obj","3706"
"C:\Users\User\Downloads\Decompiled\assets\Bundle\Mesh\qibo007 #1458.obj","qibo007 #1458.obj",".obj","3706"
"C:\Users\User\Downloads\Decompiled\assets\Bundle\Mesh\qibo007 #1508.obj","qibo007 #1508.obj",".obj","3706"
"C:\Users\User\Downloads\Decompiled\assets\Bundle\Mesh\qibo007 #1591.obj","qibo007 #1591.obj",".obj","3706"
"C:\Users\User\Downloads\Decompiled\assets\Bundle\Mesh\qibo007 #1650.obj","qibo007 #1650.obj",".obj","3706"
"C:\Users\User\Downloads\Decompiled\assets\Bundle\Mesh\qibo007 #791.obj","qibo007 #791.obj",".obj","3706"
"C:\Users\User\Downloads\Decompiled\assets\Bundle\Mesh\qibo007 #921.obj","qibo007 #921.obj",".obj","3706"
"C:\Users\User\Downloads\Decompiled\assets\Bundle\Mesh\qibo007 #939.obj","qibo007 #939.obj",".obj","3706"
"C:\Users\User\Downloads\Decompiled\assets\Bundle\Mesh\qibo007.obj","qibo007.obj",".obj","3706"
"C:\Users\User\Downloads\Decompiled\assets\Bundle\Mesh\qibo013 #1326.obj","qibo013 #1326.obj",".obj","7108"
"C:\Users\User\Downloads\Decompiled\assets\Bundle\Mesh\qibo013 #1378.obj","qibo013 #1378.obj",".obj","7108"
"C:\Users\User\Downloads\Decompiled\assets\Bundle\Mesh\qibo013.obj","qibo013.obj",".obj","7108"
"C:\Users\User\Downloads\Decompiled\assets\Bundle\Mesh\QJ_A_S.obj","QJ_A_S.obj",".obj","61141"
"C:\Users\User\Downloads\Decompiled\assets\Bundle\Mesh\QJ_A_T.obj","QJ_A_T.obj",".obj","77820"
"C:\Users\User\Downloads\Decompiled\assets\Bundle\Mesh\QJ_A_WQ.obj","QJ_A_WQ.obj",".obj","37265"
"C:\Users\User\Downloads\Decompiled\assets\Bundle\Mesh\QJ_A_X.obj","QJ_A_X.obj",".obj","53145"
"C:\Users\User\Downloads\Decompiled\assets\Bundle\Mesh\shouLei_mx.obj","shouLei_mx.obj",".obj","10721"
"C:\Users\User\Downloads\Decompiled\assets\Bundle\Mesh\Torus008.obj","Torus008.obj",".obj","72936"
"C:\Users\User\Downloads\Decompiled\assets\Bundle\MonoBehaviour\BoneSave #1988.json","BoneSave #1988.json",".json","186"
"C:\Users\User\Downloads\Decompiled\assets\Bundle\MonoBehaviour\BoneSave #1997.json","BoneSave #1997.json",".json","184"
"C:\Users\User\Downloads\Decompiled\assets\Bundle\MonoBehaviour\BoneSave #2009.json","BoneSave #2009.json",".json","187"
"C:\Users\User\Downloads\Decompiled\assets\Bundle\MonoBehaviour\BoneSave #2014.json","BoneSave #2014.json",".json","185"
"C:\Users\User\Downloads\Decompiled\assets\Bundle\MonoBehaviour\BoneSave #2025.json","BoneSave #2025.json",".json","187"
"C:\Users\User\Downloads\Decompiled\assets\Bundle\MonoBehaviour\BoneSave #2037.json","BoneSave #2037.json",".json","185"
"C:\Users\User\Downloads\Decompiled\assets\Bundle\MonoBehaviour\BoneSave #2042.json","BoneSave #2042.json",".json","187"
"C:\Users\User\Downloads\Decompiled\assets\Bundle\MonoBehaviour\BoneSave.json","BoneSave.json",".json","187"
"C:\Users\User\Downloads\Decompiled\assets\Bundle\MonoBehaviour\FxControl #1006.json","FxControl #1006.json",".json","185"
"C:\Users\User\Downloads\Decompiled\assets\Bundle\MonoBehaviour\FxControl #1048.json","FxControl #1048.json",".json","185"
"C:\Users\User\Downloads\Decompiled\assets\Bundle\MonoBehaviour\FxControl #1051.json","FxControl #1051.json",".json","185"
"C:\Users\User\Downloads\Decompiled\assets\Bundle\MonoBehaviour\FxControl #1077.json","FxControl #1077.json",".json","185"
"C:\Users\User\Downloads\Decompiled\assets\Bundle\MonoBehaviour\FxControl #1088.json","FxControl #1088.json",".json","186"
"C:\Users\User\Downloads\Decompiled\assets\Bundle\MonoBehaviour\FxControl #1115.json","FxControl #1115.json",".json","183"
"C:\Users\User\Downloads\Decompiled\assets\Bundle\MonoBehaviour\FxControl #1149.json","FxControl #1149.json",".json","185"
"C:\Users\User\Downloads\Decompiled\assets\Bundle\MonoBehaviour\FxControl #1158.json","FxControl #1158.json",".json","184"
"C:\Users\User\Downloads\Decompiled\assets\Bundle\MonoBehaviour\FxControl #1182.json","FxControl #1182.json",".json","185"
"C:\Users\User\Downloads\Decompiled\assets\Bundle\MonoBehaviour\FxControl #1191.json","FxControl #1191.json",".json","185"
"C:\Users\User\Downloads\Decompiled\assets\Bundle\MonoBehaviour\FxControl #1224.json","FxControl #1224.json",".json","184"
"C:\Users\User\Downloads\Decompiled\assets\Bundle\MonoBehaviour\FxControl #1255.json","FxControl #1255.json",".json","184"
"C:\Users\User\Downloads\Decompiled\assets\Bundle\MonoBehaviour\FxControl #1277.json","FxControl #1277.json",".json","186"
"C:\Users\User\Downloads\Decompiled\assets\Bundle\MonoBehaviour\FxControl #1306.json","FxControl #1306.json",".json","186"
"C:\Users\User\Downloads\Decompiled\assets\Bundle\MonoBehaviour\FxControl #1309.json","FxControl #1309.json",".json","186"
"C:\Users\User\Downloads\Decompiled\assets\Bundle\MonoBehaviour\FxControl #1316.json","FxControl #1316.json",".json","185"
"C:\Users\User\Downloads\Decompiled\assets\Bundle\MonoBehaviour\FxControl #1393.json","FxControl #1393.json",".json","185"
"C:\Users\User\Downloads\Decompiled\assets\Bundle\MonoBehaviour\FxControl #1419.json","FxControl #1419.json",".json","185"
"C:\Users\User\Downloads\Decompiled\assets\Bundle\MonoBehaviour\FxControl #1431.json","FxControl #1431.json",".json","186"
"C:\Users\User\Downloads\Decompiled\assets\Bundle\MonoBehaviour\FxControl #1443.json","FxControl #1443.json",".json","185"
"C:\Users\User\Downloads\Decompiled\assets\Bundle\MonoBehaviour\FxControl #1469.json","FxControl #1469.json",".json","184"
"C:\Users\User\Downloads\Decompiled\assets\Bundle\MonoBehaviour\FxControl #1484.json","FxControl #1484.json",".json","185"
"C:\Users\User\Downloads\Decompiled\assets\Bundle\MonoBehaviour\FxControl #1496.json","FxControl #1496.json",".json","184"
"C:\Users\User\Downloads\Decompiled\assets\Bundle\MonoBehaviour\FxControl #1531.json","FxControl #1531.json",".json","186"
"C:\Users\User\Downloads\Decompiled\assets\Bundle\MonoBehaviour\FxControl #1537.json","FxControl #1537.json",".json","186"
"C:\Users\User\Downloads\Decompiled\assets\Bundle\MonoBehaviour\FxControl #1555.json","FxControl #1555.json",".json","186"
"C:\Users\User\Downloads\Decompiled\assets\Bundle\MonoBehaviour\FxControl #1579.json","FxControl #1579.json",".json","185"
"C:\Users\User\Downloads\Decompiled\assets\Bundle\MonoBehaviour\FxControl #1632.json","FxControl #1632.json",".json","184"
"C:\Users\User\Downloads\Decompiled\assets\Bundle\MonoBehaviour\FxControl #1639.json","FxControl #1639.json",".json","185"
"C:\Users\User\Downloads\Decompiled\assets\Bundle\MonoBehaviour\FxControl #1660.json","FxControl #1660.json",".json","186"
"C:\Users\User\Downloads\Decompiled\assets\Bundle\MonoBehaviour\FxControl #1714.json","FxControl #1714.json",".json","186"
"C:\Users\User\Downloads\Decompiled\assets\Bundle\MonoBehaviour\FxControl #382.json","FxControl #382.json",".json","186"
"C:\Users\User\Downloads\Decompiled\assets\Bundle\MonoBehaviour\FxControl #461.json","FxControl #461.json",".json","186"
"C:\Users\User\Downloads\Decompiled\assets\Bundle\MonoBehaviour\FxControl #506.json","FxControl #506.json",".json","184"
"C:\Users\User\Downloads\Decompiled\assets\Bundle\MonoBehaviour\FxControl #533.json","FxControl #533.json",".json","186"
"C:\Users\User\Downloads\Decompiled\assets\Bundle\MonoBehaviour\FxControl #548.json","FxControl #548.json",".json","184"
"C:\Users\User\Downloads\Decompiled\assets\Bundle\MonoBehaviour\FxControl #576.json","FxControl #576.json",".json","185"
"C:\Users\User\Downloads\Decompiled\assets\Bundle\MonoBehaviour\FxControl #600.json","FxControl #600.json",".json","185"
"C:\Users\User\Downloads\Decompiled\assets\Bundle\MonoBehaviour\FxControl #620.json","FxControl #620.json",".json","185"
"C:\Users\User\Downloads\Decompiled\assets\Bundle\MonoBehaviour\FxControl #681.json","FxControl #681.json",".json","185"
"C:\Users\User\Downloads\Decompiled\assets\Bundle\MonoBehaviour\FxControl #694.json","FxControl #694.json",".json","186"
"C:\Users\User\Downloads\Decompiled\assets\Bundle\MonoBehaviour\FxControl #786.json","FxControl #786.json",".json","186"
"C:\Users\User\Downloads\Decompiled\assets\Bundle\MonoBehaviour\FxControl #799.json","FxControl #799.json",".json","186"
"C:\Users\User\Downloads\Decompiled\assets\Bundle\MonoBehaviour\FxControl #814.json","FxControl #814.json",".json","184"
"C:\Users\User\Downloads\Decompiled\assets\Bundle\MonoBehaviour\FxControl #870.json","FxControl #870.json",".json","186"
"C:\Users\User\Downloads\Decompiled\assets\Bundle\MonoBehaviour\FxControl #894.json","FxControl #894.json",".json","185"
"C:\Users\User\Downloads\Decompiled\assets\Bundle\MonoBehaviour\FxControl #903.json","FxControl #903.json",".json","184"
"C:\Users\User\Downloads\Decompiled\assets\Bundle\MonoBehaviour\FxControl #934.json","FxControl #934.json",".json","185"
"C:\Users\User\Downloads\Decompiled\assets\Bundle\MonoBehaviour\FxControl #938.json","FxControl #938.json",".json","185"
"C:\Users\User\Downloads\Decompiled\assets\Bundle\MonoBehaviour\FxControl #981.json","FxControl #981.json",".json","185"
"C:\Users\User\Downloads\Decompiled\assets\Bundle\MonoBehaviour\FxControl.json","FxControl.json",".json","185"
"C:\Users\User\Downloads\Decompiled\assets\Bundle\Shader\Mobile-Particle-Add #1028.shader","Mobile-Particle-Add #1028.shader",".shader","660"
"C:\Users\User\Downloads\Decompiled\assets\Bundle\Shader\Mobile-Particle-Add #1047.shader","Mobile-Particle-Add #1047.shader",".shader","660"
"C:\Users\User\Downloads\Decompiled\assets\Bundle\Shader\Mobile-Particle-Add #1063.shader","Mobile-Particle-Add #1063.shader",".shader","660"
"C:\Users\User\Downloads\Decompiled\assets\Bundle\Shader\Mobile-Particle-Add #1079.shader","Mobile-Particle-Add #1079.shader",".shader","660"
"C:\Users\User\Downloads\Decompiled\assets\Bundle\Shader\Mobile-Particle-Add #1092.shader","Mobile-Particle-Add #1092.shader",".shader","660"
"C:\Users\User\Downloads\Decompiled\assets\Bundle\Shader\Mobile-Particle-Add #1120.shader","Mobile-Particle-Add #1120.shader",".shader","660"
"C:\Users\User\Downloads\Decompiled\assets\Bundle\Shader\Mobile-Particle-Add #1147.shader","Mobile-Particle-Add #1147.shader",".shader","660"
"C:\Users\User\Downloads\Decompiled\assets\Bundle\Shader\Mobile-Particle-Add #1178.shader","Mobile-Particle-Add #1178.shader",".shader","660"
"C:\Users\User\Downloads\Decompiled\assets\Bundle\Shader\Mobile-Particle-Add #1217.shader","Mobile-Particle-Add #1217.shader",".shader","660"
"C:\Users\User\Downloads\Decompiled\assets\Bundle\Shader\Mobile-Particle-Add #1258.shader","Mobile-Particle-Add #1258.shader",".shader","660"
"C:\Users\User\Downloads\Decompiled\assets\Bundle\Shader\Mobile-Particle-Add #1300.shader","Mobile-Particle-Add #1300.shader",".shader","660"
"C:\Users\User\Downloads\Decompiled\assets\Bundle\Shader\Mobile-Particle-Add #1315.shader","Mobile-Particle-Add #1315.shader",".shader","660"
"C:\Users\User\Downloads\Decompiled\assets\Bundle\Shader\Mobile-Particle-Add #1351.shader","Mobile-Particle-Add #1351.shader",".shader","660"
"C:\Users\User\Downloads\Decompiled\assets\Bundle\Shader\Mobile-Particle-Add #1407.shader","Mobile-Particle-Add #1407.shader",".shader","660"
"C:\Users\User\Downloads\Decompiled\assets\Bundle\Shader\Mobile-Particle-Add #1432.shader","Mobile-Particle-Add #1432.shader",".shader","660"
"C:\Users\User\Downloads\Decompiled\assets\Bundle\Shader\Mobile-Particle-Add #1475.shader","Mobile-Particle-Add #1475.shader",".shader","660"
"C:\Users\User\Downloads\Decompiled\assets\Bundle\Shader\Mobile-Particle-Add #1493.shader","Mobile-Particle-Add #1493.shader",".shader","660"
"C:\Users\User\Downloads\Decompiled\assets\Bundle\Shader\Mobile-Particle-Add #1526.shader","Mobile-Particle-Add #1526.shader",".shader","660"
"C:\Users\User\Downloads\Decompiled\assets\Bundle\Shader\Mobile-Particle-Add #1550.shader","Mobile-Particle-Add #1550.shader",".shader","660"
"C:\Users\User\Downloads\Decompiled\assets\Bundle\Shader\Mobile-Particle-Add #1574.shader","Mobile-Particle-Add #1574.shader",".shader","660"
"C:\Users\User\Downloads\Decompiled\assets\Bundle\Shader\Mobile-Particle-Add #1616.shader","Mobile-Particle-Add #1616.shader",".shader","660"
"C:\Users\User\Downloads\Decompiled\assets\Bundle\Shader\Mobile-Particle-Add #1672.shader","Mobile-Particle-Add #1672.shader",".shader","660"
"C:\Users\User\Downloads\Decompiled\assets\Bundle\Shader\Mobile-Particle-Add #1701.shader","Mobile-Particle-Add #1701.shader",".shader","660"
"C:\Users\User\Downloads\Decompiled\assets\Bundle\Shader\Mobile-Particle-Add #1717.shader","Mobile-Particle-Add #1717.shader",".shader","660"
"C:\Users\User\Downloads\Decompiled\assets\Bundle\Shader\Mobile-Particle-Add #1725.shader","Mobile-Particle-Add #1725.shader",".shader","670"
"C:\Users\User\Downloads\Decompiled\assets\Bundle\Shader\Mobile-Particle-Add #320.shader","Mobile-Particle-Add #320.shader",".shader","660"
"C:\Users\User\Downloads\Decompiled\assets\Bundle\Shader\Mobile-Particle-Add #501.shader","Mobile-Particle-Add #501.shader",".shader","660"
"C:\Users\User\Downloads\Decompiled\assets\Bundle\Shader\Mobile-Particle-Add #540.shader","Mobile-Particle-Add #540.shader",".shader","660"
"C:\Users\User\Downloads\Decompiled\assets\Bundle\Shader\Mobile-Particle-Add #563.shader","Mobile-Particle-Add #563.shader",".shader","660"
"C:\Users\User\Downloads\Decompiled\assets\Bundle\Shader\Mobile-Particle-Add #578.shader","Mobile-Particle-Add #578.shader",".shader","660"
"C:\Users\User\Downloads\Decompiled\assets\Bundle\Shader\Mobile-Particle-Add #748.shader","Mobile-Particle-Add #748.shader",".shader","660"
"C:\Users\User\Downloads\Decompiled\assets\Bundle\Shader\Mobile-Particle-Add #782.shader","Mobile-Particle-Add #782.shader",".shader","660"
"C:\Users\User\Downloads\Decompiled\assets\Bundle\Shader\Mobile-Particle-Add #800.shader","Mobile-Particle-Add #800.shader",".shader","660"
"C:\Users\User\Downloads\Decompiled\assets\Bundle\Shader\Mobile-Particle-Add #830.shader","Mobile-Particle-Add #830.shader",".shader","660"
"C:\Users\User\Downloads\Decompiled\assets\Bundle\Shader\Mobile-Particle-Add #900.shader","Mobile-Particle-Add #900.shader",".shader","660"
"C:\Users\User\Downloads\Decompiled\assets\Bundle\Shader\Mobile-Particle-Add #915.shader","Mobile-Particle-Add #915.shader",".shader","660"
"C:\Users\User\Downloads\Decompiled\assets\Bundle\Shader\Mobile-Particle-Add #962.shader","Mobile-Particle-Add #962.shader",".shader","660"
"C:\Users\User\Downloads\Decompiled\assets\Bundle\Shader\Mobile-Particle-Add #988.shader","Mobile-Particle-Add #988.shader",".shader","660"
"C:\Users\User\Downloads\Decompiled\assets\Bundle\Shader\Mobile-Particle-Add.shader","Mobile-Particle-Add.shader",".shader","670"
"C:\Users\User\Downloads\Decompiled\assets\Bundle\Shader\Mobile-Particle-Alpha #1438.shader","Mobile-Particle-Alpha #1438.shader",".shader","678"
"C:\Users\User\Downloads\Decompiled\assets\Bundle\Shader\Mobile-Particle-Alpha #1687.shader","Mobile-Particle-Alpha #1687.shader",".shader","678"
"C:\Users\User\Downloads\Decompiled\assets\Bundle\Shader\Mobile-Particle-Alpha.shader","Mobile-Particle-Alpha.shader",".shader","678"
"C:\Users\User\Downloads\Decompiled\assets\Bundle\Shader\OutLineHighLightSelfIllumVirtualLightDir #1958.shader","OutLineHighLightSelfIllumVirtualLightDir #1958.shader",".shader","69192"
"C:\Users\User\Downloads\Decompiled\assets\Bundle\Shader\OutLineHighLightSelfIllumVirtualLightDir.shader","OutLineHighLightSelfIllumVirtualLightDir.shader",".shader","69192"
"C:\Users\User\Downloads\Decompiled\assets\Bundle\Shader\Particle Add #1155.shader","Particle Add #1155.shader",".shader","6224"
"C:\Users\User\Downloads\Decompiled\assets\Bundle\Shader\Particle Add #1184.shader","Particle Add #1184.shader",".shader","6224"
"C:\Users\User\Downloads\Decompiled\assets\Bundle\Shader\Particle Add #1196.shader","Particle Add #1196.shader",".shader","6224"
"C:\Users\User\Downloads\Decompiled\assets\Bundle\Shader\Particle Add #1222.shader","Particle Add #1222.shader",".shader","6224"
"C:\Users\User\Downloads\Decompiled\assets\Bundle\Shader\Particle Add #1236.shader","Particle Add #1236.shader",".shader","6224"
"C:\Users\User\Downloads\Decompiled\assets\Bundle\Shader\Particle Add #1271.shader","Particle Add #1271.shader",".shader","6224"
"C:\Users\User\Downloads\Decompiled\assets\Bundle\Shader\Particle Add #1282.shader","Particle Add #1282.shader",".shader","6224"
"C:\Users\User\Downloads\Decompiled\assets\Bundle\Shader\Particle Add #1457.shader","Particle Add #1457.shader",".shader","6224"
"C:\Users\User\Downloads\Decompiled\assets\Bundle\Shader\Particle Add #1507.shader","Particle Add #1507.shader",".shader","6224"
"C:\Users\User\Downloads\Decompiled\assets\Bundle\Shader\Particle Add #1590.shader","Particle Add #1590.shader",".shader","6224"
"C:\Users\User\Downloads\Decompiled\assets\Bundle\Shader\Particle Add #1627.shader","Particle Add #1627.shader",".shader","6224"
"C:\Users\User\Downloads\Decompiled\assets\Bundle\Shader\Particle Add #1636.shader","Particle Add #1636.shader",".shader","6224"
"C:\Users\User\Downloads\Decompiled\assets\Bundle\Shader\Particle Add #1649.shader","Particle Add #1649.shader",".shader","6224"
"C:\Users\User\Downloads\Decompiled\assets\Bundle\Shader\Particle Add #380.shader","Particle Add #380.shader",".shader","6224"
"C:\Users\User\Downloads\Decompiled\assets\Bundle\Shader\Particle Add #426.shader","Particle Add #426.shader",".shader","6224"
"C:\Users\User\Downloads\Decompiled\assets\Bundle\Shader\Particle Add #513.shader","Particle Add #513.shader",".shader","6224"
"C:\Users\User\Downloads\Decompiled\assets\Bundle\Shader\Particle Add #587.shader","Particle Add #587.shader",".shader","6224"
"C:\Users\User\Downloads\Decompiled\assets\Bundle\Shader\Particle Add #618.shader","Particle Add #618.shader",".shader","6224"
"C:\Users\User\Downloads\Decompiled\assets\Bundle\Shader\Particle Add #655.shader","Particle Add #655.shader",".shader","6224"
"C:\Users\User\Downloads\Decompiled\assets\Bundle\Shader\Particle Add #709.shader","Particle Add #709.shader",".shader","6224"
"C:\Users\User\Downloads\Decompiled\assets\Bundle\Shader\Particle Add #809.shader","Particle Add #809.shader",".shader","6224"
"C:\Users\User\Downloads\Decompiled\assets\Bundle\Shader\Particle Add #843.shader","Particle Add #843.shader",".shader","6224"
"C:\Users\User\Downloads\Decompiled\assets\Bundle\Shader\Particle Add #920.shader","Particle Add #920.shader",".shader","6224"
"C:\Users\User\Downloads\Decompiled\assets\Bundle\Shader\Particle Add.shader","Particle Add.shader",".shader","6224"
"C:\Users\User\Downloads\Decompiled\assets\Bundle\Shader\Particle Alpha Blend #1482.shader","Particle Alpha Blend #1482.shader",".shader","6211"
"C:\Users\User\Downloads\Decompiled\assets\Bundle\Shader\Particle Alpha Blend.shader","Particle Alpha Blend.shader",".shader","6211"
"C:\Users\User\Downloads\Decompiled\assets\Bundle\Shader\Particle Premultiply Blend #1010.shader","Particle Premultiply Blend #1010.shader",".shader","6008"
"C:\Users\User\Downloads\Decompiled\assets\Bundle\Shader\Particle Premultiply Blend #1330.shader","Particle Premultiply Blend #1330.shader",".shader","6008"
"C:\Users\User\Downloads\Decompiled\assets\Bundle\Shader\Particle Premultiply Blend #1515.shader","Particle Premultiply Blend #1515.shader",".shader","6008"
"C:\Users\User\Downloads\Decompiled\assets\Bundle\Shader\Particle Premultiply Blend #1664.shader","Particle Premultiply Blend #1664.shader",".shader","6008"
"C:\Users\User\Downloads\Decompiled\assets\Bundle\Shader\Particle Premultiply Blend #351.shader","Particle Premultiply Blend #351.shader",".shader","6008"
"C:\Users\User\Downloads\Decompiled\assets\Bundle\Shader\Particle Premultiply Blend #385.shader","Particle Premultiply Blend #385.shader",".shader","6008"
"C:\Users\User\Downloads\Decompiled\assets\Bundle\Shader\Particle Premultiply Blend #445.shader","Particle Premultiply Blend #445.shader",".shader","6008"
"C:\Users\User\Downloads\Decompiled\assets\Bundle\Shader\Particle Premultiply Blend #489.shader","Particle Premultiply Blend #489.shader",".shader","6008"
"C:\Users\User\Downloads\Decompiled\assets\Bundle\Shader\Particle Premultiply Blend #522.shader","Particle Premultiply Blend #522.shader",".shader","6008"
"C:\Users\User\Downloads\Decompiled\assets\Bundle\Shader\Particle Premultiply Blend #551.shader","Particle Premultiply Blend #551.shader",".shader","6008"
"C:\Users\User\Downloads\Decompiled\assets\Bundle\Shader\Particle Premultiply Blend #815.shader","Particle Premultiply Blend #815.shader",".shader","6008"
"C:\Users\User\Downloads\Decompiled\assets\Bundle\Shader\Particle Premultiply Blend.shader","Particle Premultiply Blend.shader",".shader","6008"
"C:\Users\User\Downloads\Decompiled\assets\Bundle\Shader\Unlit-Normal.shader","Unlit-Normal.shader",".shader","1833"
"C:\Users\User\Downloads\Decompiled\assets\Bundle\Shader\ViveCity_Car_3.shader","ViveCity_Car_3.shader",".shader","210119"
"C:\Users\User\Downloads\Decompiled\assets\Bundle\TextAsset\ActionData","ActionData","","27865"
"C:\Users\User\Downloads\Decompiled\assets\Bundle\TextAsset\ActivityBossData","ActivityBossData","","447"
"C:\Users\User\Downloads\Decompiled\assets\Bundle\TextAsset\ActivityMapData","ActivityMapData","","8849"
"C:\Users\User\Downloads\Decompiled\assets\Bundle\TextAsset\AdaptData","AdaptData","","28194"
"C:\Users\User\Downloads\Decompiled\assets\Bundle\TextAsset\AIData","AIData","","2023"
"C:\Users\User\Downloads\Decompiled\assets\Bundle\TextAsset\AnnounceData","AnnounceData","","609"
"C:\Users\User\Downloads\Decompiled\assets\Bundle\TextAsset\AttributeData","AttributeData","","269"
"C:\Users\User\Downloads\Decompiled\assets\Bundle\TextAsset\BadgeData","BadgeData","","3012"
"C:\Users\User\Downloads\Decompiled\assets\Bundle\TextAsset\BarFightCopyData","BarFightCopyData","","685"
"C:\Users\User\Downloads\Decompiled\assets\Bundle\TextAsset\BaseLvData","BaseLvData","","13658"
"C:\Users\User\Downloads\Decompiled\assets\Bundle\TextAsset\BigPackageData","BigPackageData","","9472"
"C:\Users\User\Downloads\Decompiled\assets\Bundle\TextAsset\BigPackageTimeListData","BigPackageTimeListData","","8096"
"C:\Users\User\Downloads\Decompiled\assets\Bundle\TextAsset\BuffInfoData","BuffInfoData","","1071"
"C:\Users\User\Downloads\Decompiled\assets\Bundle\TextAsset\CamRockCurveData","CamRockCurveData","","61190"
"C:\Users\User\Downloads\Decompiled\assets\Bundle\TextAsset\CamRockData","CamRockData","","970"
"C:\Users\User\Downloads\Decompiled\assets\Bundle\TextAsset\CarMissionBlockData","CarMissionBlockData","","86057"
"C:\Users\User\Downloads\Decompiled\assets\Bundle\TextAsset\CharacterModelData","CharacterModelData","","10359"
"C:\Users\User\Downloads\Decompiled\assets\Bundle\TextAsset\CityDanceData","CityDanceData","","1033"
"C:\Users\User\Downloads\Decompiled\assets\Bundle\TextAsset\ColorData","ColorData","","1420"
"C:\Users\User\Downloads\Decompiled\assets\Bundle\TextAsset\ConfigData","ConfigData","","774"
"C:\Users\User\Downloads\Decompiled\assets\Bundle\TextAsset\ConsignBuyTabData","ConsignBuyTabData","","500"
"C:\Users\User\Downloads\Decompiled\assets\Bundle\TextAsset\CopyMountRewardData","CopyMountRewardData","","272"
"C:\Users\User\Downloads\Decompiled\assets\Bundle\TextAsset\CopySceneData","CopySceneData","","8175"
"C:\Users\User\Downloads\Decompiled\assets\Bundle\TextAsset\CopySceneRewardData","CopySceneRewardData","","437"
"C:\Users\User\Downloads\Decompiled\assets\Bundle\TextAsset\DailyActiveData","DailyActiveData","","2224"
"C:\Users\User\Downloads\Decompiled\assets\Bundle\TextAsset\DailyActiveRewardData","DailyActiveRewardData","","639"
"C:\Users\User\Downloads\Decompiled\assets\Bundle\TextAsset\DailyBuyData","DailyBuyData","","353"
"C:\Users\User\Downloads\Decompiled\assets\Bundle\TextAsset\DailyExpData","DailyExpData","","457"
"C:\Users\User\Downloads\Decompiled\assets\Bundle\TextAsset\DailyMissionData","DailyMissionData","","8658"
"C:\Users\User\Downloads\Decompiled\assets\Bundle\TextAsset\DamageBoardTypeData","DamageBoardTypeData","","1401"
"C:\Users\User\Downloads\Decompiled\assets\Bundle\TextAsset\DanceData","DanceData","","233"
"C:\Users\User\Downloads\Decompiled\assets\Bundle\TextAsset\DominData","DominData","","1263"
"C:\Users\User\Downloads\Decompiled\assets\Bundle\TextAsset\DownloadRewardData","DownloadRewardData","","222"
"C:\Users\User\Downloads\Decompiled\assets\Bundle\TextAsset\EffInfoData","EffInfoData","","15088"
"C:\Users\User\Downloads\Decompiled\assets\Bundle\TextAsset\EquipData","EquipData","","33858"
"C:\Users\User\Downloads\Decompiled\assets\Bundle\TextAsset\EquipDrop","EquipDrop","","18607"
"C:\Users\User\Downloads\Decompiled\assets\Bundle\TextAsset\EquipmentUpgradeData","EquipmentUpgradeData","","30191"
"C:\Users\User\Downloads\Decompiled\assets\Bundle\TextAsset\EscortData","EscortData","","1996"
"C:\Users\User\Downloads\Decompiled\assets\Bundle\TextAsset\FirstBuyData","FirstBuyData","","509"
"C:\Users\User\Downloads\Decompiled\assets\Bundle\TextAsset\FunctionData","FunctionData","","7022"
"C:\Users\User\Downloads\Decompiled\assets\Bundle\TextAsset\FxEffectData","FxEffectData","","10215"
"C:\Users\User\Downloads\Decompiled\assets\Bundle\TextAsset\GuildBattleData","GuildBattleData","","1468"
"C:\Users\User\Downloads\Decompiled\assets\Bundle\TextAsset\GuildBossData","GuildBossData","","2042"
"C:\Users\User\Downloads\Decompiled\assets\Bundle\TextAsset\GuildCaptureData","GuildCaptureData","","1383"
"C:\Users\User\Downloads\Decompiled\assets\Bundle\TextAsset\GuildDonateData","GuildDonateData","","243"
"C:\Users\User\Downloads\Decompiled\assets\Bundle\TextAsset\GuildLevelData","GuildLevelData","","298"
"C:\Users\User\Downloads\Decompiled\assets\Bundle\TextAsset\GuildSkillData","GuildSkillData","","5465"
"C:\Users\User\Downloads\Decompiled\assets\Bundle\TextAsset\GuildStarData","GuildStarData","","9445"
"C:\Users\User\Downloads\Decompiled\assets\Bundle\TextAsset\InvestData","InvestData","","572"
"C:\Users\User\Downloads\Decompiled\assets\Bundle\TextAsset\ItemData","ItemData","","59397"
"C:\Users\User\Downloads\Decompiled\assets\Bundle\TextAsset\KillTargetMissionData","KillTargetMissionData","","1094"
"C:\Users\User\Downloads\Decompiled\assets\Bundle\TextAsset\LadderDailyReward","LadderDailyReward","","1480"
"C:\Users\User\Downloads\Decompiled\assets\Bundle\TextAsset\LadderRewardData","LadderRewardData","","686"
"C:\Users\User\Downloads\Decompiled\assets\Bundle\TextAsset\LevelPackageData","LevelPackageData","","214"
"C:\Users\User\Downloads\Decompiled\assets\Bundle\TextAsset\LevelRewardData","LevelRewardData","","2519"
"C:\Users\User\Downloads\Decompiled\assets\Bundle\TextAsset\LevelSealData","LevelSealData","","1404"
"C:\Users\User\Downloads\Decompiled\assets\Bundle\TextAsset\LoadingUIData","LoadingUIData","","315"
"C:\Users\User\Downloads\Decompiled\assets\Bundle\TextAsset\Localization","Localization","","465860"
"C:\Users\User\Downloads\Decompiled\assets\Bundle\TextAsset\MapAreaInfoData","MapAreaInfoData","","1018"
"C:\Users\User\Downloads\Decompiled\assets\Bundle\TextAsset\MapConnectInfoData","MapConnectInfoData","","650"
"C:\Users\User\Downloads\Decompiled\assets\Bundle\TextAsset\MapInfoData","MapInfoData","","29498"
"C:\Users\User\Downloads\Decompiled\assets\Bundle\TextAsset\MessageData","MessageData","","181"
"C:\Users\User\Downloads\Decompiled\assets\Bundle\TextAsset\MissionData","MissionData","","84644"
"C:\Users\User\Downloads\Decompiled\assets\Bundle\TextAsset\MissionKillNPCData","MissionKillNPCData","","226"
"C:\Users\User\Downloads\Decompiled\assets\Bundle\TextAsset\MissionRequireData","MissionRequireData","","8941"
"C:\Users\User\Downloads\Decompiled\assets\Bundle\TextAsset\ModelData","ModelData","","9124"
"C:\Users\User\Downloads\Decompiled\assets\Bundle\TextAsset\ModelPartData","ModelPartData","","819"
"C:\Users\User\Downloads\Decompiled\assets\Bundle\TextAsset\MonsterData","MonsterData","","442323"
"C:\Users\User\Downloads\Decompiled\assets\Bundle\TextAsset\MonthlyCardData","MonthlyCardData","","484"
"C:\Users\User\Downloads\Decompiled\assets\Bundle\TextAsset\MountData","MountData","","7863"
"C:\Users\User\Downloads\Decompiled\assets\Bundle\TextAsset\MoveTargetMissionData","MoveTargetMissionData","","1466"
"C:\Users\User\Downloads\Decompiled\assets\Bundle\TextAsset\MultiDeliveryMissionData","MultiDeliveryMissionData","","207"
"C:\Users\User\Downloads\Decompiled\assets\Bundle\TextAsset\MultiTowerData","MultiTowerData","","2297"
"C:\Users\User\Downloads\Decompiled\assets\Bundle\TextAsset\NotifyData","NotifyData","","253"
"C:\Users\User\Downloads\Decompiled\assets\Bundle\TextAsset\NpcData","NpcData","","198990"
"C:\Users\User\Downloads\Decompiled\assets\Bundle\TextAsset\NPCDialogData","NPCDialogData","","5027"
"C:\Users\User\Downloads\Decompiled\assets\Bundle\TextAsset\NPCOptionDialogData","NPCOptionDialogData","","788"
"C:\Users\User\Downloads\Decompiled\assets\Bundle\TextAsset\NPCPathData","NPCPathData","","10507"
"C:\Users\User\Downloads\Decompiled\assets\Bundle\TextAsset\OnlineMissionData","OnlineMissionData","","3013"
"C:\Users\User\Downloads\Decompiled\assets\Bundle\TextAsset\PoliceLevelData","PoliceLevelData","","523"
"C:\Users\User\Downloads\Decompiled\assets\Bundle\TextAsset\PurchaseData","PurchaseData","","1855"
"C:\Users\User\Downloads\Decompiled\assets\Bundle\TextAsset\QualityData","QualityData","","4618"
"C:\Users\User\Downloads\Decompiled\assets\Bundle\TextAsset\RandomData","RandomData","","148979"
"C:\Users\User\Downloads\Decompiled\assets\Bundle\TextAsset\RefineData","RefineData","","13080"
"C:\Users\User\Downloads\Decompiled\assets\Bundle\TextAsset\RefineLevelData","RefineLevelData","","118"
"C:\Users\User\Downloads\Decompiled\assets\Bundle\TextAsset\RelifeData","RelifeData","","213"
"C:\Users\User\Downloads\Decompiled\assets\Bundle\TextAsset\RetrieveData","RetrieveData","","1093"
"C:\Users\User\Downloads\Decompiled\assets\Bundle\TextAsset\SceneComponentData","SceneComponentData","","1624"
"C:\Users\User\Downloads\Decompiled\assets\Bundle\TextAsset\ScuffleData","ScuffleData","","160"
"C:\Users\User\Downloads\Decompiled\assets\Bundle\TextAsset\ServerData","ServerData","","1856"
"C:\Users\User\Downloads\Decompiled\assets\Bundle\TextAsset\SexMiniData","SexMiniData","","544"
"C:\Users\User\Downloads\Decompiled\assets\Bundle\TextAsset\SexMiniRewardData","SexMiniRewardData","","215"
"C:\Users\User\Downloads\Decompiled\assets\Bundle\TextAsset\ShopData","ShopData","","8939"
"C:\Users\User\Downloads\Decompiled\assets\Bundle\TextAsset\ShowModelData","ShowModelData","","350"
"C:\Users\User\Downloads\Decompiled\assets\Bundle\TextAsset\ShowRewardData","ShowRewardData","","133760"
"C:\Users\User\Downloads\Decompiled\assets\Bundle\TextAsset\SignInMonthData","SignInMonthData","","706"
"C:\Users\User\Downloads\Decompiled\assets\Bundle\TextAsset\SignInWeekData","SignInWeekData","","1017"
"C:\Users\User\Downloads\Decompiled\assets\Bundle\TextAsset\SingleMapLockData","SingleMapLockData","","476"
"C:\Users\User\Downloads\Decompiled\assets\Bundle\TextAsset\SkillData","SkillData","","22903"
"C:\Users\User\Downloads\Decompiled\assets\Bundle\TextAsset\SkillLabelData","SkillLabelData","","3499"
"C:\Users\User\Downloads\Decompiled\assets\Bundle\TextAsset\SkillupgradeData","SkillupgradeData","","1366"
"C:\Users\User\Downloads\Decompiled\assets\Bundle\TextAsset\SlotAutoData","SlotAutoData","","186"
"C:\Users\User\Downloads\Decompiled\assets\Bundle\TextAsset\SlotData","SlotData","","2102"
"C:\Users\User\Downloads\Decompiled\assets\Bundle\TextAsset\SlotIconData","SlotIconData","","414"
"C:\Users\User\Downloads\Decompiled\assets\Bundle\TextAsset\SneakingMissionData","SneakingMissionData","","10615"
"C:\Users\User\Downloads\Decompiled\assets\Bundle\TextAsset\SocialDanceData","SocialDanceData","","309"
"C:\Users\User\Downloads\Decompiled\assets\Bundle\TextAsset\SoundData","SoundData","","7266"
"C:\Users\User\Downloads\Decompiled\assets\Bundle\TextAsset\StoryData","StoryData","","13405"
"C:\Users\User\Downloads\Decompiled\assets\Bundle\TextAsset\StrongerData","StrongerData","","3916"
"C:\Users\User\Downloads\Decompiled\assets\Bundle\TextAsset\SurveyItemData","SurveyItemData","","684"
"C:\Users\User\Downloads\Decompiled\assets\Bundle\TextAsset\SurveyMissionData","SurveyMissionData","","5881"
"C:\Users\User\Downloads\Decompiled\assets\Bundle\TextAsset\SurviveBattleData","SurviveBattleData","","1010"
"C:\Users\User\Downloads\Decompiled\assets\Bundle\TextAsset\TargetCarMissionData","TargetCarMissionData","","453"
"C:\Users\User\Downloads\Decompiled\assets\Bundle\TextAsset\TeamData","TeamData","","359"
"C:\Users\User\Downloads\Decompiled\assets\Bundle\TextAsset\TimeLimitMissionData","TimeLimitMissionData","","3144"
"C:\Users\User\Downloads\Decompiled\assets\Bundle\TextAsset\TimerActivityData","TimerActivityData","","223"
"C:\Users\User\Downloads\Decompiled\assets\Bundle\TextAsset\TimerActivityTipsData","TimerActivityTipsData","","344"
"C:\Users\User\Downloads\Decompiled\assets\Bundle\TextAsset\TitleData","TitleData","","1549"
"C:\Users\User\Downloads\Decompiled\assets\Bundle\TextAsset\TowerData","TowerData","","6002"
"C:\Users\User\Downloads\Decompiled\assets\Bundle\TextAsset\WeaponDrop","WeaponDrop","","10428"
"C:\Users\User\Downloads\Decompiled\assets\Bundle\TextAsset\WildBossData","WildBossData","","3672"
"C:\Users\User\Downloads\Decompiled\assets\Bundle\Texture2D\BaoZha_1.png","BaoZha_1.png",".png","22528"
"C:\Users\User\Downloads\Decompiled\assets\Bundle\Texture2D\BaoZha_2.png","BaoZha_2.png",".png","6579"
"C:\Users\User\Downloads\Decompiled\assets\Bundle\Texture2D\Blood spray 1.png","Blood spray 1.png",".png","10585"
"C:\Users\User\Downloads\Decompiled\assets\Bundle\Texture2D\BOSS_Nan_007.png","BOSS_Nan_007.png",".png","246962"
"C:\Users\User\Downloads\Decompiled\assets\Bundle\Texture2D\CZ_diTu_GTA.png","CZ_diTu_GTA.png",".png","153600"
"C:\Users\User\Downloads\Decompiled\assets\Bundle\Texture2D\Default-Particle #1318.png","Default-Particle #1318.png",".png","4124"
"C:\Users\User\Downloads\Decompiled\assets\Bundle\Texture2D\Default-Particle #1501.png","Default-Particle #1501.png",".png","4124"
"C:\Users\User\Downloads\Decompiled\assets\Bundle\Texture2D\Default-Particle #1646.png","Default-Particle #1646.png",".png","4124"
"C:\Users\User\Downloads\Decompiled\assets\Bundle\Texture2D\Default-Particle #341.png","Default-Particle #341.png",".png","4124"
"C:\Users\User\Downloads\Decompiled\assets\Bundle\Texture2D\Default-Particle #377.png","Default-Particle #377.png",".png","4124"
"C:\Users\User\Downloads\Decompiled\assets\Bundle\Texture2D\Default-Particle #421.png","Default-Particle #421.png",".png","4124"
"C:\Users\User\Downloads\Decompiled\assets\Bundle\Texture2D\Default-Particle #474.png","Default-Particle #474.png",".png","4124"
"C:\Users\User\Downloads\Decompiled\assets\Bundle\Texture2D\Default-Particle #510.png","Default-Particle #510.png",".png","4124"
"C:\Users\User\Downloads\Decompiled\assets\Bundle\Texture2D\Default-Particle #545.png","Default-Particle #545.png",".png","4124"
"C:\Users\User\Downloads\Decompiled\assets\Bundle\Texture2D\Default-Particle #806.png","Default-Particle #806.png",".png","4124"
"C:\Users\User\Downloads\Decompiled\assets\Bundle\Texture2D\Default-Particle #997.png","Default-Particle #997.png",".png","4124"
"C:\Users\User\Downloads\Decompiled\assets\Bundle\Texture2D\Default-Particle.png","Default-Particle.png",".png","4124"
"C:\Users\User\Downloads\Decompiled\assets\Bundle\Texture2D\effect_025.png","effect_025.png",".png","1367"
"C:\Users\User\Downloads\Decompiled\assets\Bundle\Texture2D\effect_041.png","effect_041.png",".png","2706"
"C:\Users\User\Downloads\Decompiled\assets\Bundle\Texture2D\effect_078.png","effect_078.png",".png","13554"
"C:\Users\User\Downloads\Decompiled\assets\Bundle\Texture2D\effect_083.png","effect_083.png",".png","11087"
"C:\Users\User\Downloads\Decompiled\assets\Bundle\Texture2D\effect_088.png","effect_088.png",".png","1081"
"C:\Users\User\Downloads\Decompiled\assets\Bundle\Texture2D\effect_113.png","effect_113.png",".png","3377"
"C:\Users\User\Downloads\Decompiled\assets\Bundle\Texture2D\effect_173.png","effect_173.png",".png","17584"
"C:\Users\User\Downloads\Decompiled\assets\Bundle\Texture2D\effect_301.png","effect_301.png",".png","610"
"C:\Users\User\Downloads\Decompiled\assets\Bundle\Texture2D\effect_305.png","effect_305.png",".png","1099"
"C:\Users\User\Downloads\Decompiled\assets\Bundle\Texture2D\effect_341.png","effect_341.png",".png","7534"
"C:\Users\User\Downloads\Decompiled\assets\Bundle\Texture2D\effect_438.png","effect_438.png",".png","12392"
"C:\Users\User\Downloads\Decompiled\assets\Bundle\Texture2D\effect_458.png","effect_458.png",".png","26057"
"C:\Users\User\Downloads\Decompiled\assets\Bundle\Texture2D\effect_507.png","effect_507.png",".png","6198"
"C:\Users\User\Downloads\Decompiled\assets\Bundle\Texture2D\effect_534.png","effect_534.png",".png","27527"
"C:\Users\User\Downloads\Decompiled\assets\Bundle\Texture2D\effect_538.png","effect_538.png",".png","4610"
"C:\Users\User\Downloads\Decompiled\assets\Bundle\Texture2D\effect_580.png","effect_580.png",".png","7398"
"C:\Users\User\Downloads\Decompiled\assets\Bundle\Texture2D\effect_633.png","effect_633.png",".png","24507"
"C:\Users\User\Downloads\Decompiled\assets\Bundle\Texture2D\effect_dao006.png","effect_dao006.png",".png","4741"
"C:\Users\User\Downloads\Decompiled\assets\Bundle\Texture2D\effect_dao007.png","effect_dao007.png",".png","2078"
"C:\Users\User\Downloads\Decompiled\assets\Bundle\Texture2D\effect_liHua.png","effect_liHua.png",".png","14355"
"C:\Users\User\Downloads\Decompiled\assets\Bundle\Texture2D\effect_xueHua.png","effect_xueHua.png",".png","2836"
"C:\Users\User\Downloads\Decompiled\assets\Bundle\Texture2D\effect_xulie024.png","effect_xulie024.png",".png","5767"
"C:\Users\User\Downloads\Decompiled\assets\Bundle\Texture2D\Electric_Splat_Hit.png","Electric_Splat_Hit.png",".png","30819"
"C:\Users\User\Downloads\Decompiled\assets\Bundle\Texture2D\JN_boss_fanWei_1.png","JN_boss_fanWei_1.png",".png","9449"
"C:\Users\User\Downloads\Decompiled\assets\Bundle\Texture2D\JN_xieDouA_1_tieTu.png","JN_xieDouA_1_tieTu.png",".png","4138"
"C:\Users\User\Downloads\Decompiled\assets\Bundle\Texture2D\JN_xieDouA_P_tieTu.png","JN_xieDouA_P_tieTu.png",".png","2152"
"C:\Users\User\Downloads\Decompiled\assets\Bundle\Texture2D\JN_xieDouA_Q_tieTu.png","JN_xieDouA_Q_tieTu.png",".png","1404"
"C:\Users\User\Downloads\Decompiled\assets\Bundle\Texture2D\JN_xieDouA_W_tieTu.png","JN_xieDouA_W_tieTu.png",".png","2102"
"C:\Users\User\Downloads\Decompiled\assets\Bundle\Texture2D\light0018.png","light0018.png",".png","4411"
"C:\Users\User\Downloads\Decompiled\assets\Bundle\Texture2D\light0020.png","light0020.png",".png","21383"
"C:\Users\User\Downloads\Decompiled\assets\Bundle\Texture2D\light0050.png","light0050.png",".png","13773"
"C:\Users\User\Downloads\Decompiled\assets\Bundle\Texture2D\light0052.png","light0052.png",".png","12169"
"C:\Users\User\Downloads\Decompiled\assets\Bundle\Texture2D\light0075.png","light0075.png",".png","5569"
"C:\Users\User\Downloads\Decompiled\assets\Bundle\Texture2D\light0102.png","light0102.png",".png","2483"
"C:\Users\User\Downloads\Decompiled\assets\Bundle\Texture2D\lighting_018.png","lighting_018.png",".png","9899"
"C:\Users\User\Downloads\Decompiled\assets\Bundle\Texture2D\light_006.png","light_006.png",".png","2926"
"C:\Users\User\Downloads\Decompiled\assets\Bundle\Texture2D\light_018.png","light_018.png",".png","3076"
"C:\Users\User\Downloads\Decompiled\assets\Bundle\Texture2D\magic0071.png","magic0071.png",".png","2535"
"C:\Users\User\Downloads\Decompiled\assets\Bundle\Texture2D\NPC_Dog.png","NPC_Dog.png",".png","189860"
"C:\Users\User\Downloads\Decompiled\assets\Bundle\Texture2D\NQS_A.png","NQS_A.png",".png","245603"
"C:\Users\User\Downloads\Decompiled\assets\Bundle\Texture2D\NQS_A_WQ.png","NQS_A_WQ.png",".png","64848"
"C:\Users\User\Downloads\Decompiled\assets\Bundle\Texture2D\object0083.png","object0083.png",".png","4585"
"C:\Users\User\Downloads\Decompiled\assets\Bundle\Texture2D\puKe.png","puKe.png",".png","23210"
"C:\Users\User\Downloads\Decompiled\assets\Bundle\Texture2D\Qiang_1.png","Qiang_1.png",".png","17006"
"C:\Users\User\Downloads\Decompiled\assets\Bundle\Texture2D\Qiang_2.png","Qiang_2.png",".png","699"
"C:\Users\User\Downloads\Decompiled\assets\Bundle\Texture2D\Qiang_3.png","Qiang_3.png",".png","17129"
"C:\Users\User\Downloads\Decompiled\assets\Bundle\Texture2D\Qiang_4.png","Qiang_4.png",".png","14959"
"C:\Users\User\Downloads\Decompiled\assets\Bundle\Texture2D\QJ_A.png","QJ_A.png",".png","229816"
"C:\Users\User\Downloads\Decompiled\assets\Bundle\Texture2D\QJ_A_WQ.png","QJ_A_WQ.png",".png","44291"
"C:\Users\User\Downloads\Decompiled\assets\Bundle\Texture2D\shouLei.png","shouLei.png",".png","3856"
"C:\Users\User\Downloads\Decompiled\assets\Bundle\Texture2D\SlashDust01.png","SlashDust01.png",".png","2645"
"C:\Users\User\Downloads\Decompiled\assets\Bundle\Texture2D\trail0021.png","trail0021.png",".png","5727"
"C:\Users\User\Downloads\Decompiled\assets\Bundle\Texture2D\trail0028.png","trail0028.png",".png","8306"
"C:\Users\User\Downloads\Decompiled\assets\Bundle\Texture2D\Trajectory_Electro.png","Trajectory_Electro.png",".png","14968"
"C:\Users\User\Downloads\Decompiled\assets\Bundle\Texture2D\TY_baiGuangDian.png","TY_baiGuangDian.png",".png","845"
"C:\Users\User\Downloads\Decompiled\assets\Bundle\Texture2D\TY_baoZha_1_tieTu1.png","TY_baoZha_1_tieTu1.png",".png","2185"
"C:\Users\User\Downloads\Decompiled\assets\Bundle\Texture2D\TY_baoZha_1_tieTu2.png","TY_baoZha_1_tieTu2.png",".png","766"
"C:\Users\User\Downloads\Decompiled\assets\Bundle\Texture2D\TY_baoZha_1_tieTu3.png","TY_baoZha_1_tieTu3.png",".png","1221"
"C:\Users\User\Downloads\Decompiled\assets\Bundle\Texture2D\TY_baoZha_1_tieTu4.png","TY_baoZha_1_tieTu4.png",".png","3910"
"C:\Users\User\Downloads\Decompiled\assets\Bundle\Texture2D\TY_baoZha_1_tieTu5.png","TY_baoZha_1_tieTu5.png",".png","6828"
"C:\Users\User\Downloads\Decompiled\assets\Bundle\Texture2D\TY_effect_fuZi.png","TY_effect_fuZi.png",".png","18742"
"C:\Users\User\Downloads\Decompiled\assets\Bundle\Texture2D\TY_effect_tiaoWu_bian.png","TY_effect_tiaoWu_bian.png",".png","198"
"C:\Users\User\Downloads\Decompiled\assets\Bundle\Texture2D\xh_buff_ani0048.png","xh_buff_ani0048.png",".png","15928"
"C:\Users\User\Downloads\Decompiled\assets\Bundle\Texture2D\xh_buff_light0007.png","xh_buff_light0007.png",".png","17035"
"C:\Users\User\Downloads\Decompiled\assets\Bundle\Texture2D\yingFu.png","yingFu.png",".png","3447"
